{
    "root_group": {
        "name": "",
        "path": "",
        "id": "d41d8cd98f00b204e9800998ecf8427e",
        "groups": {},
        "checks": {
                "token extracted": {
                    "fails": 0,
                    "name": "token extracted",
                    "path": "::token extracted",
                    "id": "50e465e4162d46639c071e099df57d3c",
                    "passes": 56
                },
                "API status is 200": {
                    "path": "::API status is 200",
                    "id": "0bed2bfa158993c6b893e42c42e9e174",
                    "passes": 56,
                    "fails": 0,
                    "name": "API status is 200"
                }
            }
    },
    "metrics": {
        "http_req_tls_handshaking": {
            "p(95)": 461.69223115,
            "avg": 117.92185900000004,
            "min": 0,
            "med": 0,
            "max": 467.098883,
            "p(90)": 457.1885431
        },
        "data_sent": {
            "count": 154861,
            "rate": 12969.416160573666
        },
        "http_reqs": {
            "count": 168,
            "rate": 14.069791070549563
        },
        "checks": {
            "passes": 112,
            "fails": 0,
            "value": 1
        },
        "iteration_duration": {
            "avg": 4708.018574160714,
            "min": 962.372511,
            "med": 7583.540930499999,
            "max": 8271.869924,
            "p(90)": 7696.9702665,
            "p(95)": 7913.2630665
        },
        "vus_max": {
            "value": 29,
            "min": 29,
            "max": 29
        },
        "http_req_duration{expected_response:true}": {
            "p(95)": 1835.0967390500002,
            "avg": 631.0641144404763,
            "min": 213.541959,
            "med": 244.994286,
            "max": 3680.738089,
            "p(90)": 1716.0359304
        },
        "iterations": {
            "rate": 4.689930356849854,
            "count": 56
        },
        "http_req_failed": {
            "fails": 168,
            "passes": 0,
            "value": 0
        },
        "data_received": {
            "count": 38649397,
            "rate": 3236838.93329003
        },
        "http_req_sending": {
            "avg": 0.2574992559523806,
            "min": 0.005891,
            "med": 0.023479,
            "max": 10.449267,
            "p(90)": 0.1581671,
            "p(95)": 0.9668230000000019
        },
        "http_req_receiving": {
            "med": 0.08825450000000001,
            "max": 3239.116574,
            "p(90)": 1056.3016687000002,
            "p(95)": 1122.0400825000004,
            "avg": 264.4482238035715,
            "min": 0.023464
        },
        "vus": {
            "value": 2,
            "min": 2,
            "max": 29
        },
        "http_req_blocked": {
            "p(95)": 4641.80585895,
            "avg": 936.7900073214282,
            "min": 0.000291,
            "med": 0.0034159999999999998,
            "max": 4673.938042,
            "p(90)": 4637.8972672
        },
        "http_req_connecting": {
            "max": 236.075401,
            "p(90)": 221.18371950000002,
            "p(95)": 224.07721915000002,
            "avg": 75.91576110714284,
            "min": 0,
            "med": 0
        },
        "http_req_waiting": {
            "p(90)": 678.9133752000001,
            "p(95)": 805.1452736000003,
            "avg": 366.3583913809526,
            "min": 213.197754,
            "med": 244.904764,
            "max": 1241.095872
        },
        "http_req_duration": {
            "avg": 631.0641144404763,
            "min": 213.541959,
            "med": 244.994286,
            "max": 3680.738089,
            "p(90)": 1716.0359304,
            "p(95)": 1835.0967390500002,
            "thresholds": {
                "p(95)<1700": true
            }
        }
    }
}