{
    "metrics": {
        "checks": {
            "passes": 58,
            "fails": 0,
            "value": 1
        },
        "iteration_duration": {
            "med": 8035.115863,
            "max": 9876.748734,
            "p(90)": 8135.3563928,
            "p(95)": 9206.757848999996,
            "avg": 8170.228602896552,
            "min": 8004.870469
        },
        "http_req_failed": {
            "fails": 87,
            "passes": 0,
            "value": 0
        },
        "iterations": {
            "count": 29,
            "rate": 2.936098479929392
        },
        "http_reqs": {
            "count": 87,
            "rate": 8.808295439788177
        },
        "http_req_receiving": {
            "avg": 379.0970996781609,
            "min": 0.038322,
            "med": 0.075027,
            "max": 1455.271138,
            "p(90)": 1171.192938,
            "p(95)": 1195.6711515
        },
        "vus_max": {
            "value": 29,
            "min": 29,
            "max": 29
        },
        "http_req_connecting": {
            "min": 0,
            "med": 216.434208,
            "max": 250.974659,
            "p(90)": 239.3869574,
            "p(95)": 240.93790529999998,
            "avg": 154.04459991954027
        },
        "http_req_sending": {
            "p(95)": 0.18874810000000006,
            "avg": 0.07128681609195402,
            "min": 0.006602,
            "med": 0.030066,
            "max": 1.013521,
            "p(90)": 0.13119060000000002
        },
        "vus": {
            "value": 2,
            "min": 2,
            "max": 29
        },
        "http_req_blocked": {
            "p(95)": 4848.6109554,
            "avg": 1909.419781367817,
            "min": 0.002124,
            "med": 881.566059,
            "max": 4856.812704,
            "p(90)": 4844.9069024
        },
        "http_req_duration{expected_response:true}": {
            "min": 211.750486,
            "med": 257.294598,
            "max": 3794.345566,
            "p(90)": 1883.7679050000002,
            "p(95)": 1987.5660442,
            "avg": 812.4544501149428
        },
        "data_sent": {
            "count": 141861,
            "rate": 14362.685050388396
        },
        "http_req_waiting": {
            "min": 211.465265,
            "med": 257.231086,
            "max": 2596.95342,
            "p(90)": 711.8675700000001,
            "p(95)": 897.3258772,
            "avg": 433.2860636206895
        },
        "data_received": {
            "count": 21279567,
            "rate": 2154444.9766295054
        },
        "http_req_duration": {
            "med": 257.294598,
            "max": 3794.345566,
            "p(90)": 1883.7679050000002,
            "p(95)": 1987.5660442,
            "avg": 812.4544501149428,
            "min": 211.750486,
            "thresholds": {
                "p(95)<1700": true
            }
        },
        "http_req_tls_handshaking": {
            "p(90)": 495.6376662,
            "p(95)": 501.73959080000003,
            "avg": 238.8434721839081,
            "min": 0,
            "med": 221.485373,
            "max": 506.12346
        }
    },
    "root_group": {
        "groups": {},
        "checks": {
                "token extracted": {
                    "fails": 0,
                    "name": "token extracted",
                    "path": "::token extracted",
                    "id": "50e465e4162d46639c071e099df57d3c",
                    "passes": 29
                },
                "API status is 200": {
                    "path": "::API status is 200",
                    "id": "0bed2bfa158993c6b893e42c42e9e174",
                    "passes": 29,
                    "fails": 0,
                    "name": "API status is 200"
                }
            },
        "name": "",
        "path": "",
        "id": "d41d8cd98f00b204e9800998ecf8427e"
    }
}