{
    "root_group": {
        "name": "",
        "path": "",
        "id": "d41d8cd98f00b204e9800998ecf8427e",
        "groups": {},
        "checks": {
                "token extracted": {
                    "name": "token extracted",
                    "path": "::token extracted",
                    "id": "50e465e4162d46639c071e099df57d3c",
                    "passes": 10,
                    "fails": 0
                },
                "API status is 200": {
                    "name": "API status is 200",
                    "path": "::API status is 200",
                    "id": "0bed2bfa158993c6b893e42c42e9e174",
                    "passes": 10,
                    "fails": 0
                }
            }
    },
    "metrics": {
        "http_req_duration": {
            "p(90)": 701.106791,
            "p(95)": 1234.1618731999974,
            "avg": 439.96339620000003,
            "min": 227.536944,
            "med": 234.0939975,
            "max": 1706.10197,
            "thresholds": {
                "p(95)<1700": false
            }
        },
        "http_req_waiting": {
            "med": 233.931667,
            "max": 590.141606,
            "p(90)": 530.7380356,
            "p(95)": 566.7954557999999,
            "avg": 325.1999906,
            "min": 227.398576
        },
        "vus": {
            "max": 2,
            "value": 2,
            "min": 2
        },
        "http_req_duration{expected_response:true}": {
            "med": 234.0939975,
            "max": 1706.10197,
            "p(90)": 701.106791,
            "p(95)": 1234.1618731999974,
            "avg": 439.96339620000003,
            "min": 227.536944
        },
        "http_req_receiving": {
            "avg": 114.7192707666667,
            "min": 0.063552,
            "med": 0.1274825,
            "max": 1139.322098,
            "p(90)": 164.4457869000001,
            "p(95)": 715.2146174499975
        },
        "data_sent": {
            "count": 13616,
            "rate": 1642.117290161424
        },
        "iteration_duration": {
            "min": 1040.135066,
            "med": 1144.680758,
            "max": 3800.452607,
            "p(90)": 3799.4571593,
            "p(95)": 3799.95488315,
            "avg": 1654.1112438000005
        },
        "http_req_tls_handshaking": {
            "min": 0,
            "med": 0,
            "max": 464.635278,
            "p(90)": 227.40413700000002,
            "p(95)": 359.24696109999934,
            "avg": 46.23085423333334
        },
        "vus_max": {
            "value": 2,
            "min": 2,
            "max": 2
        },
        "http_req_blocked": {
            "avg": 110.03975996666668,
            "min": 0.000267,
            "med": 0.004506,
            "max": 953.780676,
            "p(90)": 716.8039575,
            "p(95)": 824.9243177999995
        },
        "http_req_failed": {
            "passes": 0,
            "fails": 30,
            "value": 0
        },
        "checks": {
            "passes": 20,
            "fails": 0,
            "value": 1
        },
        "http_reqs": {
            "count": 30,
            "rate": 3.6180610094625973
        },
        "data_received": {
            "count": 7250661,
            "rate": 874444.4618977028
        },
        "http_req_sending": {
            "avg": 0.04413483333333333,
            "min": 0.008925,
            "med": 0.020824500000000003,
            "max": 0.231796,
            "p(90)": 0.07896660000000001,
            "p(95)": 0.09131649999999998
        },
        "iterations": {
            "count": 10,
            "rate": 1.2060203364875324
        },
        "http_req_connecting": {
            "p(95)": 242.62206694999995,
            "avg": 32.21470193333334,
            "min": 0,
            "med": 0,
            "max": 251.706446,
            "p(90)": 231.50683
        }
    }
}