{
    "root_group": {
        "id": "d41d8cd98f00b204e9800998ecf8427e",
        "groups": {},
        "checks": {
                "token extracted": {
                    "id": "50e465e4162d46639c071e099df57d3c",
                    "passes": 53,
                    "fails": 0,
                    "name": "token extracted",
                    "path": "::token extracted"
                },
                "API status is 200": {
                    "path": "::API status is 200",
                    "id": "0bed2bfa158993c6b893e42c42e9e174",
                    "passes": 53,
                    "fails": 0,
                    "name": "API status is 200"
                }
            },
        "name": "",
        "path": ""
    },
    "metrics": {
        "http_req_blocked": {
            "max": 964.153297,
            "p(90)": 743.7624302000003,
            "p(95)": 904.765894,
            "avg": 117.33374449056605,
            "min": 0.000202,
            "med": 0.003573
        },
        "http_req_connecting": {
            "min": 0,
            "med": 0,
            "max": 247.554956,
            "p(90)": 229.93865820000002,
            "p(95)": 233.4391348,
            "avg": 32.43817645911949
        },
        "http_req_failed": {
            "passes": 0,
            "fails": 159,
            "value": 0
        },
        "iteration_duration": {
            "med": 1225.815239,
            "max": 4260.850204,
            "p(90)": 3953.5607794000002,
            "p(95)": 4141.9732398,
            "avg": 1805.5054836981126,
            "min": 989.312159
        },
        "http_req_tls_handshaking": {
            "avg": 49.21269706918239,
            "min": 0,
            "med": 0,
            "max": 505.503792,
            "p(90)": 231.7712056,
            "p(95)": 467.0289362
        },
        "http_req_receiving": {
            "p(95)": 1098.0780668999998,
            "avg": 124.58174584905662,
            "min": 0.035755,
            "med": 0.104831,
            "max": 1257.053821,
            "p(90)": 181.422374
        },
        "http_req_waiting": {
            "p(95)": 719.6732115,
            "avg": 358.4967141698114,
            "min": 223.43396,
            "med": 260.905411,
            "max": 1092.188861,
            "p(90)": 629.2483152000001
        },
        "checks": {
            "passes": 106,
            "fails": 0,
            "value": 1
        },
        "http_reqs": {
            "count": 159,
            "rate": 16.623979731747816
        },
        "http_req_sending": {
            "med": 0.018769,
            "max": 0.220075,
            "p(90)": 0.08313540000000005,
            "p(95)": 0.1082789999999999,
            "avg": 0.038319509433962264,
            "min": 0.005698
        },
        "data_received": {
            "rate": 3726980.097106402,
            "count": 35646689
        },
        "http_req_duration": {
            "p(90)": 927.7272128000023,
            "p(95)": 1682.5786258999995,
            "avg": 483.11677952830155,
            "min": 223.544982,
            "med": 261.065156,
            "max": 2136.029791
        },
        "data_sent": {
            "count": 74008,
            "rate": 7737.782968472909
        },
        "vus": {
            "value": 3,
            "min": 3,
            "max": 11
        },
        "iterations": {
            "count": 53,
            "rate": 5.541326577249272
        },
        "vus_max": {
            "value": 11,
            "min": 11,
            "max": 11
        },
        "http_req_duration{expected_response:true}": {
            "p(90)": 927.7272128000023,
            "p(95)": 1682.5786258999995,
            "avg": 483.11677952830155,
            "min": 223.544982,
            "med": 261.065156,
            "max": 2136.029791
        }
    }
}