{
    "metrics": {
        "iteration_duration": {
            "p(95)": 7375.99600665,
            "avg": 4397.01572975,
            "min": 928.874222,
            "med": 4907.1741275,
            "max": 7387.087978,
            "p(90)": 7374.5726174
        },
        "http_req_duration": {
            "p(90)": 1581.4450435,
            "p(95)": 1730.7504508,
            "avg": 561.5709538766665,
            "min": 220.767222,
            "med": 269.6420845,
            "max": 2206.180311,
            "thresholds": {
                "p(95)<1700": true
            }
        },
        "http_reqs": {
            "rate": 30.48572677077205,
            "count": 300
        },
        "http_req_receiving": {
            "avg": 181.74814538666666,
            "min": 0,
            "med": 0.143629,
            "max": 1299.931,
            "p(90)": 918.0747304,
            "p(95)": 1084.78737425
        },
        "http_req_tls_handshaking": {
            "avg": 126.3638846733333,
            "min": 0,
            "med": 0,
            "max": 541.882619,
            "p(90)": 513.0655743,
            "p(95)": 528.1125527500001
        },
        "http_req_waiting": {
            "avg": 379.64472359666667,
            "min": 220.495676,
            "med": 268.69899250000003,
            "max": 1095.110569,
            "p(90)": 645.4348222,
            "p(95)": 806.5557246000003
        },
        "http_req_connecting": {
            "p(90)": 246.2206381,
            "p(95)": 248.25593125,
            "avg": 80.03483432,
            "min": 0,
            "med": 0,
            "max": 253.923426
        },
        "data_sent": {
            "count": 266974,
            "rate": 27129.65472966699
        },
        "http_req_blocked": {
            "max": 5363.747105,
            "p(90)": 4443.2427422,
            "p(95)": 5178.6199985,
            "avg": 902.8539549733327,
            "min": 0.00029,
            "med": 0.003922500000000001
        },
        "vus": {
            "max": 50,
            "value": 15,
            "min": 15
        },
        "http_req_failed": {
            "passes": 28,
            "fails": 272,
            "value": 0.09333333333333334
        },
        "http_req_duration{expected_response:true}": {
            "min": 220.767222,
            "med": 271.2131215,
            "max": 2206.180311,
            "p(90)": 1598.7514368,
            "p(95)": 1733.6718019,
            "avg": 594.0001264889705
        },
        "iterations": {
            "count": 100,
            "rate": 10.161908923590683
        },
        "http_req_sending": {
            "p(90)": 0.11476160000000007,
            "p(95)": 0.4747202000000004,
            "avg": 0.17808489333333322,
            "min": 0.006743,
            "med": 0.0325175,
            "max": 8.435605
        },
        "data_received": {
            "count": 41888801,
            "rate": 4256701.806804143
        },
        "vus_max": {
            "max": 50,
            "value": 50,
            "min": 50
        },
        "checks": {
            "passes": 172,
            "fails": 28,
            "value": 0.86
        }
    },
    "root_group": {
        "name": "",
        "path": "",
        "id": "d41d8cd98f00b204e9800998ecf8427e",
        "groups": {},
        "checks": {
                "token extracted": {
                    "fails": 0,
                    "name": "token extracted",
                    "path": "::token extracted",
                    "id": "50e465e4162d46639c071e099df57d3c",
                    "passes": 100
                },
                "API status is 200": {
                    "passes": 72,
                    "fails": 28,
                    "name": "API status is 200",
                    "path": "::API status is 200",
                    "id": "0bed2bfa158993c6b893e42c42e9e174"
                }
            }
    }
}