{
    "metrics": {
        "vus_max": {
            "min": 30,
            "max": 30,
            "value": 30
        },
        "http_reqs": {
            "count": 90,
            "rate": 6.559321073280175
        },
        "http_req_duration": {
            "med": 441.28549050000004,
            "max": 2566.599249,
            "p(90)": 2038.7483876000001,
            "p(95)": 2155.8177350499996,
            "avg": 868.5629166666661,
            "min": 237.687697
        },
        "http_req_tls_handshaking": {
            "avg": 263.7136985888889,
            "min": 0,
            "med": 256.1430575,
            "max": 547.902344,
            "p(90)": 540.5648807,
            "p(95)": 544.30151685
        },
        "http_req_receiving": {
            "avg": 386.3040810999999,
            "min": 0.028938,
            "med": 0.087959,
            "max": 1334.338809,
            "p(90)": 1284.909582,
            "p(95)": 1306.68891035
        },
        "http_req_failed": {
            "passes": 9,
            "fails": 81,
            "value": 0.1
        },
        "http_req_sending": {
            "min": 0.007244,
            "med": 0.0356795,
            "max": 1.351546,
            "p(90)": 0.12594510000000003,
            "p(95)": 0.16342664999999998,
            "avg": 0.0822498
        },
        "http_req_waiting": {
            "min": 237.594974,
            "med": 441.102655,
            "max": 1810.306136,
            "p(90)": 796.4684965,
            "p(95)": 886.4990668999999,
            "avg": 482.17658576666645
        },
        "checks": {
            "passes": 51,
            "fails": 9,
            "value": 0.85
        },
        "http_req_duration{expected_response:true}": {
            "p(95)": 2188.873237,
            "avg": 931.9694651234561,
            "min": 237.687697,
            "med": 442.038161,
            "max": 2566.599249,
            "p(90)": 2046.930419
        },
        "iterations": {
            "count": 30,
            "rate": 2.186440357760058
        },
        "http_req_connecting": {
            "med": 252.5032475,
            "max": 267.009619,
            "p(90)": 260.8380261,
            "p(95)": 261.98678854999997,
            "avg": 169.31441506666667,
            "min": 0
        },
        "data_sent": {
            "count": 146315,
            "rate": 10663.634031522099
        },
        "data_received": {
            "count": 21215805,
            "rate": 1546236.4091455878
        },
        "vus": {
            "value": 1,
            "min": 1,
            "max": 30
        },
        "iteration_duration": {
            "p(95)": 12369.750797300001,
            "avg": 12359.788101499998,
            "min": 12215.994708,
            "med": 12349.9641555,
            "max": 13719.031624,
            "p(90)": 12368.4596037
        },
        "http_req_blocked": {
            "p(95)": 5313.9423551,
            "avg": 3249.5496568000003,
            "min": 0.002034,
            "med": 4375.759625000001,
            "max": 5548.615423,
            "p(90)": 5310.3202117
        }
    },
    "root_group": {
        "name": "",
        "path": "",
        "id": "d41d8cd98f00b204e9800998ecf8427e",
        "groups": {},
        "checks": {
                "token extracted": {
                    "passes": 30,
                    "fails": 0,
                    "name": "token extracted",
                    "path": "::token extracted",
                    "id": "50e465e4162d46639c071e099df57d3c"
                },
                "API status is 200": {
                    "name": "API status is 200",
                    "path": "::API status is 200",
                    "id": "0bed2bfa158993c6b893e42c42e9e174",
                    "passes": 21,
                    "fails": 9
                }
            }
    }
}