{
    "root_group": {
        "id": "d41d8cd98f00b204e9800998ecf8427e",
        "groups": {},
        "checks": {
                "token extracted": {
                    "name": "token extracted",
                    "path": "::token extracted",
                    "id": "50e465e4162d46639c071e099df57d3c",
                    "passes": 4,
                    "fails": 0
                },
                "API status is 200": {
                    "name": "API status is 200",
                    "path": "::API status is 200",
                    "id": "0bed2bfa158993c6b893e42c42e9e174",
                    "passes": 4,
                    "fails": 0
                }
            },
        "name": "",
        "path": ""
    },
    "metrics": {
        "http_req_duration{expected_response:true}": {
            "p(95)": 1544.0346303999997,
            "avg": 606.8797675,
            "min": 251.30919,
            "med": 275.38126750000004,
            "max": 1812.607612,
            "p(90)": 1297.8174732000002
        },
        "http_req_failed": {
            "fails": 12,
            "passes": 0,
            "value": 0
        },
        "iterations": {
            "count": 4,
            "rate": 0.4249488061543855
        },
        "http_req_connecting": {
            "max": 263.946692,
            "p(90)": 223.53789870000008,
            "p(95)": 255.38250504999996,
            "avg": 42.69351125,
            "min": 0,
            "med": 0
        },
        "http_req_tls_handshaking": {
            "med": 0,
            "max": 538.40591,
            "p(90)": 226.3477473000001,
            "p(95)": 380.6062828499998,
            "avg": 65.82528391666666,
            "min": 0
        },
        "vus_max": {
            "value": 1,
            "min": 1,
            "max": 1
        },
        "checks": {
            "passes": 8,
            "fails": 0,
            "value": 1
        },
        "http_req_blocked": {
            "min": 0.00032,
            "med": 0.005690499999999999,
            "max": 1208.71566,
            "p(90)": 812.8698229000003,
            "p(95)": 1040.6751340499998,
            "avg": 175.99579625
        },
        "http_req_duration": {
            "avg": 606.8797675,
            "min": 251.30919,
            "med": 275.38126750000004,
            "max": 1812.607612,
            "p(90)": 1297.8174732000002,
            "p(95)": 1544.0346303999997,
            "thresholds": {
                "p(95)<1700": false
            }
        },
        "http_req_waiting": {
            "p(95)": 534.1690311999998,
            "avg": 337.19882816666666,
            "min": 251.199916,
            "med": 275.1764355,
            "max": 605.670811,
            "p(90)": 470.6534236
        },
        "data_sent": {
            "count": 6332,
            "rate": 672.6939601423923
        },
        "vus": {
            "min": 1,
            "max": 1,
            "value": 1
        },
        "http_reqs": {
            "count": 12,
            "rate": 1.2748464184631567
        },
        "http_req_receiving": {
            "avg": 269.6146513333333,
            "min": 0.073747,
            "med": 0.1228745,
            "max": 1206.911022,
            "p(90)": 868.7622025000001,
            "p(95)": 1038.3407981999999
        },
        "iteration_duration": {
            "avg": 2353.1593372499997,
            "min": 1497.745168,
            "med": 1723.5504325000002,
            "max": 4467.791316,
            "p(90)": 3685.1042649,
            "p(95)": 4076.447790449999
        },
        "http_req_sending": {
            "min": 0.019056,
            "med": 0.030316,
            "max": 0.26696,
            "p(90)": 0.1220171,
            "p(95)": 0.18808504999999986,
            "avg": 0.06628799999999999
        },
        "data_received": {
            "rate": 287387.88445373863,
            "count": 2705153
        }
    }
}