{
    "root_group": {
        "checks": {
            "token extracted": {
                "name": "token extracted",
                "path": "::token extracted",
                "id": "50e465e4162d46639c071e099df57d3c",
                "passes": 14,
                "fails": 0
            },
            "API status is 200": {
                "id": "0bed2bfa158993c6b893e42c42e9e174",
                "passes": 14,
                "fails": 0,
                "name": "API status is 200",
                "path": "::API status is 200"
            }
        },
        "name": "",
        "path": "",
        "id": "d41d8cd98f00b204e9800998ecf8427e",
        "groups": {}
    },
    "metrics": {
        "checks": {
            "passes": 28,
            "fails": 0,
            "value": 1
        },
        "data_sent": {
            "count": 19940,
            "rate": 2173.748144665487
        },
        "http_reqs": {
            "count": 42,
            "rate": 4.578606924571236
        },
        "data_received": {
            "count": 11100250,
            "rate": 1210087.655106473
        },
        "iteration_duration": {
            "p(90)": 4547.0884006999995,
            "p(95)": 4557.01580305,
            "avg": 1901.0610904285713,
            "min": 949.543159,
            "med": 1131.647939,
            "max": 4575.32325
        },
        "vus": {
            "value": 1,
            "min": 1,
            "max": 3
        },
        "http_req_sending": {
            "p(95)": 0.12743159999999992,
            "avg": 0.0467242619047619,
            "min": 0.007564,
            "med": 0.024801,
            "max": 0.245756,
            "p(90)": 0.0980706
        },
        "iterations": {
            "count": 14,
            "rate": 1.5262023081904121
        },
        "http_req_tls_handshaking": {
            "med": 0,
            "max": 454.706003,
            "p(90)": 223.3352956,
            "p(95)": 441.2714727999991,
            "avg": 48.5646176904762,
            "min": 0
        },
        "http_req_duration": {
            "p(90)": 946.6709611999999,
            "p(95)": 1544.9451805999995,
            "avg": 463.6318581190476,
            "min": 216.653732,
            "med": 259.3420765,
            "max": 1808.37445,
            "thresholds": {
                "p(95)<1700": false
            }
        },
        "http_req_waiting": {
            "med": 259.2318725,
            "max": 604.088209,
            "p(90)": 464.20410259999994,
            "p(95)": 550.0823151499997,
            "avg": 310.81717288095234,
            "min": 216.522167
        },
        "http_req_failed": {
            "passes": 0,
            "fails": 42,
            "value": 0
        },
        "http_req_duration{expected_response:true}": {
            "max": 1808.37445,
            "p(90)": 946.6709611999999,
            "p(95)": 1544.9451805999995,
            "avg": 463.6318581190476,
            "min": 216.653732,
            "med": 259.3420765
        },
        "http_req_connecting": {
            "max": 234.624443,
            "p(90)": 218.9540059,
            "p(95)": 220.51268944999998,
            "avg": 31.65684,
            "min": 0,
            "med": 0
        },
        "http_req_receiving": {
            "max": 1204.26454,
            "p(90)": 530.3723541999997,
            "p(95)": 1080.8153175999998,
            "avg": 152.7679609761905,
            "min": 0.04814,
            "med": 0.1258135
        },
        "vus_max": {
            "value": 3,
            "min": 3,
            "max": 3
        },
        "http_req_blocked": {
            "p(95)": 1236.9631323999986,
            "avg": 168.35993699999995,
            "min": 0.0003,
            "med": 0.0046335000000000005,
            "max": 1661.146194,
            "p(90)": 884.3033392
        }
    }
}