{
    "metrics": {
        "http_req_receiving": {
            "p(90)": 455.3214498000001,
            "p(95)": 949.44997725,
            "avg": 144.77169489316242,
            "min": 0.033222,
            "med": 0.164183,
            "max": 1100.123548
        },
        "http_req_tls_handshaking": {
            "avg": 40.80184295299145,
            "min": 0,
            "med": 0,
            "max": 441.708268,
            "p(90)": 203.0146576000002,
            "p(95)": 424.08764
        },
        "checks": {
            "passes": 156,
            "fails": 0,
            "value": 1
        },
        "iterations": {
            "rate": 8.4876999631979,
            "count": 78
        },
        "data_received": {
            "count": 61611677,
            "rate": 6704377.2898136005
        },
        "http_req_duration": {
            "avg": 435.9047672649573,
            "min": 187.583925,
            "med": 233.583721,
            "max": 1743.583257,
            "p(90)": 842.8653841000012,
            "p(95)": 1411.3638873,
            "thresholds": {
                "p(95)<1700": false
            }
        },
        "http_req_connecting": {
            "med": 0,
            "max": 236.384862,
            "p(90)": 200.68801470000022,
            "p(95)": 209.46752225,
            "avg": 26.581051008547007,
            "min": 0
        },
        "http_req_duration{expected_response:true}": {
            "avg": 435.9047672649573,
            "min": 187.583925,
            "med": 233.583721,
            "max": 1743.583257,
            "p(90)": 842.8653841000012,
            "p(95)": 1411.3638873
        },
        "iteration_duration": {
            "avg": 1672.0092765897443,
            "min": 856.199105,
            "med": 1159.8372665000002,
            "max": 4098.573672,
            "p(90)": 3854.1707785000003,
            "p(95)": 4036.50373075
        },
        "vus_max": {
            "max": 15,
            "value": 15,
            "min": 15
        },
        "data_sent": {
            "count": 103707,
            "rate": 11285.050001068776
        },
        "http_req_sending": {
            "avg": 0.034713508547008554,
            "min": 0.006021,
            "med": 0.020503,
            "max": 0.439068,
            "p(90)": 0.07613670000000002,
            "p(95)": 0.09882539999999998
        },
        "http_req_failed": {
            "passes": 0,
            "fails": 234,
            "value": 0
        },
        "http_reqs": {
            "count": 234,
            "rate": 25.463099889593696
        },
        "http_req_waiting": {
            "max": 674.93279,
            "p(90)": 460.5878483,
            "p(95)": 501.34207944999997,
            "avg": 291.0983588632478,
            "min": 187.515277,
            "med": 230.258027
        },
        "http_req_blocked": {
            "med": 0.0032715,
            "max": 1138.449696,
            "p(90)": 837.4335408000004,
            "p(95)": 968.7853470499999,
            "avg": 119.885146636752,
            "min": 0.00029
        },
        "vus": {
            "value": 4,
            "min": 4,
            "max": 15
        }
    },
    "root_group": {
        "groups": {},
        "checks": {
                "token extracted": {
                    "id": "50e465e4162d46639c071e099df57d3c",
                    "passes": 78,
                    "fails": 0,
                    "name": "token extracted",
                    "path": "::token extracted"
                },
                "API status is 200": {
                    "id": "0bed2bfa158993c6b893e42c42e9e174",
                    "passes": 78,
                    "fails": 0,
                    "name": "API status is 200",
                    "path": "::API status is 200"
                }
            },
        "name": "",
        "path": "",
        "id": "d41d8cd98f00b204e9800998ecf8427e"
    }
}