{
    "root_group": {
        "name": "",
        "path": "",
        "id": "d41d8cd98f00b204e9800998ecf8427e",
        "groups": {},
        "checks": {
                "token extracted": {
                    "name": "token extracted",
                    "path": "::token extracted",
                    "id": "50e465e4162d46639c071e099df57d3c",
                    "passes": 50,
                    "fails": 0
                },
                "API status is 200": {
                    "name": "API status is 200",
                    "path": "::API status is 200",
                    "id": "0bed2bfa158993c6b893e42c42e9e174",
                    "passes": 50,
                    "fails": 0
                }
            }
    },
    "metrics": {
        "http_req_duration": {
            "avg": 874.1461131466667,
            "min": 226.280931,
            "med": 269.138826,
            "max": 3013.950035,
            "p(90)": 2235.9941403,
            "p(95)": 2604.035403299999,
            "thresholds": {
                "p(95)<1700": true
            }
        },
        "vus_max": {
            "value": 50,
            "min": 50,
            "max": 50
        },
        "data_sent": {
            "count": 244666,
            "rate": 26306.812648367562
        },
        "http_req_blocked": {
            "avg": 1981.8426272866673,
            "min": 0.001984,
            "med": 881.4568810000001,
            "max": 5029.027977,
            "p(90)": 5018.3957644,
            "p(95)": 5022.3564594
        },
        "http_req_tls_handshaking": {
            "avg": 254.89181183999986,
            "min": 0,
            "med": 244.72700099999997,
            "max": 550.704945,
            "p(90)": 534.0831638,
            "p(95)": 541.6747545
        },
        "http_req_waiting": {
            "p(95)": 1301.948909149998,
            "avg": 483.11865338666644,
            "min": 226.126846,
            "med": 269.05715250000003,
            "max": 1848.614668,
            "p(90)": 1012.3918598999999
        },
        "http_req_duration{expected_response:true}": {
            "p(90)": 2235.9941403,
            "p(95)": 2604.035403299999,
            "avg": 874.1461131466667,
            "min": 226.280931,
            "med": 269.138826,
            "max": 3013.950035
        },
        "vus": {
            "min": 7,
            "max": 50,
            "value": 7
        },
        "http_req_connecting": {
            "p(90)": 249.9365955,
            "p(95)": 251.54709815,
            "avg": 162.10208604000007,
            "min": 0,
            "med": 242.552335,
            "max": 268.657684
        },
        "http_req_receiving": {
            "p(95)": 1213.9263641999999,
            "avg": 390.8759159666667,
            "min": 0.026613,
            "med": 0.096112,
            "max": 1625.601088,
            "p(90)": 1207.3187245
        },
        "http_req_sending": {
            "min": 0.006473,
            "med": 0.032039,
            "max": 2.917477,
            "p(90)": 0.1705223,
            "p(95)": 0.7178215499999892,
            "avg": 0.15154379333333332
        },
        "checks": {
            "passes": 100,
            "fails": 0,
            "value": 1
        },
        "iterations": {
            "count": 50,
            "rate": 5.376066279819747
        },
        "data_received": {
            "count": 33574576,
            "rate": 3609982.917856907
        },
        "http_reqs": {
            "count": 150,
            "rate": 16.12819883945924
        },
        "http_req_failed": {
            "passes": 0,
            "fails": 150,
            "value": 0
        },
        "iteration_duration": {
            "avg": 8572.525277359999,
            "min": 8387.644909,
            "med": 8415.233363,
            "max": 9298.226471,
            "p(90)": 9048.9970288,
            "p(95)": 9277.20665665
        }
    }
}