{
    "root_group": {
        "path": "",
        "id": "d41d8cd98f00b204e9800998ecf8427e",
        "groups": {},
        "checks": {
                "token extracted": {
                    "fails": 0,
                    "name": "token extracted",
                    "path": "::token extracted",
                    "id": "50e465e4162d46639c071e099df57d3c",
                    "passes": 132
                },
                "API status is 200": {
                    "name": "API status is 200",
                    "path": "::API status is 200",
                    "id": "0bed2bfa158993c6b893e42c42e9e174",
                    "passes": 132,
                    "fails": 0
                }
            },
        "name": ""
    },
    "metrics": {
        "data_sent": {
            "rate": 28763.40822134033,
            "count": 283666
        },
        "vus_max": {
            "value": 50,
            "min": 50,
            "max": 50
        },
        "http_req_tls_handshaking": {
            "max": 1643.681878,
            "p(90)": 436.8996305,
            "p(95)": 455.19532350000003,
            "avg": 85.9544753888889,
            "min": 0,
            "med": 0
        },
        "checks": {
            "passes": 264,
            "fails": 0,
            "value": 1
        },
        "data_received": {
            "count": 63651252,
            "rate": 6454164.2109925235
        },
        "vus": {
            "value": 5,
            "min": 5,
            "max": 50
        },
        "iterations": {
            "count": 132,
            "rate": 13.384649148001255
        },
        "http_req_waiting": {
            "avg": 324.8832746515152,
            "min": 187.147376,
            "med": 229.05960950000002,
            "max": 946.578873,
            "p(90)": 586.7148915,
            "p(95)": 671.32383775
        },
        "http_req_duration": {
            "med": 229.40259049999997,
            "max": 2041.675398,
            "p(90)": 1393.4621065000001,
            "p(95)": 1548.32446975,
            "avg": 458.72250565909076,
            "min": 187.260497,
            "thresholds": {
                "p(95)<1700": false
            }
        },
        "http_req_duration{expected_response:true}": {
            "max": 2041.675398,
            "p(90)": 1393.4621065000001,
            "p(95)": 1548.32446975,
            "avg": 458.72250565909076,
            "min": 187.260497,
            "med": 229.40259049999997
        },
        "http_req_failed": {
            "passes": 0,
            "fails": 396,
            "value": 0
        },
        "http_req_blocked": {
            "avg": 631.5683782196973,
            "min": 0.00021,
            "med": 0.0031009999999999996,
            "max": 5435.766723,
            "p(90)": 3968.3166735,
            "p(95)": 4363.863075
        },
        "http_req_sending": {
            "p(95)": 0.1335395,
            "avg": 0.11047094191919204,
            "min": 0.00554,
            "med": 0.018972,
            "max": 4.452469,
            "p(90)": 0.10009699999999999
        },
        "http_req_receiving": {
            "med": 0.0888955,
            "max": 1105.961328,
            "p(90)": 747.229306,
            "p(95)": 979.3852215,
            "avg": 133.72876006565656,
            "min": 0.025288
        },
        "iteration_duration": {
            "max": 8254.396295,
            "p(90)": 6857.2167217,
            "p(95)": 6862.39816575,
            "avg": 3274.7349330303027,
            "min": 745.820347,
            "med": 1225.668733
        },
        "http_reqs": {
            "count": 396,
            "rate": 40.15394744400376
        },
        "http_req_connecting": {
            "avg": 51.85713681313132,
            "min": 0,
            "med": 0,
            "max": 218.105254,
            "p(90)": 211.26659949999998,
            "p(95)": 213.14859825000002
        }
    }
}