{
    "root_group": {
        "path": "",
        "id": "d41d8cd98f00b204e9800998ecf8427e",
        "groups": {},
        "checks": {
                "token extracted": {
                    "fails": 0,
                    "name": "token extracted",
                    "path": "::token extracted",
                    "id": "50e465e4162d46639c071e099df57d3c",
                    "passes": 55
                },
                "API status is 200": {
                    "passes": 55,
                    "fails": 0,
                    "name": "API status is 200",
                    "path": "::API status is 200",
                    "id": "0bed2bfa158993c6b893e42c42e9e174"
                }
            },
        "name": ""
    },
    "metrics": {
        "vus": {
            "value": 22,
            "min": 22,
            "max": 30
        },
        "data_received": {
            "rate": 4058220.685735267,
            "count": 39739681
        },
        "http_req_connecting": {
            "avg": 82.27885822424243,
            "min": 0,
            "med": 0,
            "max": 247.280168,
            "p(90)": 230.57414,
            "p(95)": 233.9156468
        },
        "iteration_duration": {
            "avg": 4950.305221345453,
            "min": 1073.237054,
            "med": 7778.995987,
            "max": 9546.480689,
            "p(90)": 7923.8419108,
            "p(95)": 8035.8233332
        },
        "data_sent": {
            "count": 158812,
            "rate": 16217.899271586737
        },
        "http_req_sending": {
            "min": 0.006132,
            "med": 0.018254,
            "max": 1.097091,
            "p(90)": 0.12305659999999999,
            "p(95)": 0.15365579999999995,
            "avg": 0.05485616363636362
        },
        "http_req_duration": {
            "avg": 641.3855540969699,
            "min": 215.254003,
            "med": 248.995617,
            "max": 3604.818132,
            "p(90)": 1748.4786742,
            "p(95)": 1891.7604347999998,
            "thresholds": {
                "p(95)<1700": true
            }
        },
        "vus_max": {
            "value": 30,
            "min": 30,
            "max": 30
        },
        "iterations": {
            "count": 55,
            "rate": 5.616606175460737
        },
        "http_req_blocked": {
            "min": 0.00032,
            "med": 0.003747,
            "max": 4789.963282,
            "p(90)": 4745.720128,
            "p(95)": 4763.3035614,
            "avg": 1007.2987858727278
        },
        "http_req_waiting": {
            "max": 2521.870564,
            "p(90)": 747.149799,
            "p(95)": 885.1520962,
            "avg": 405.704459521212,
            "min": 215.091953,
            "med": 248.891603
        },
        "http_req_receiving": {
            "avg": 235.62623841212118,
            "min": 0.024767,
            "med": 0.079451,
            "max": 1215.969882,
            "p(90)": 1091.5493695999999,
            "p(95)": 1124.3681381999997
        },
        "http_reqs": {
            "count": 165,
            "rate": 16.84981852638221
        },
        "http_req_failed": {
            "passes": 0,
            "fails": 165,
            "value": 0
        },
        "http_req_duration{expected_response:true}": {
            "max": 3604.818132,
            "p(90)": 1748.4786742,
            "p(95)": 1891.7604347999998,
            "avg": 641.3855540969699,
            "min": 215.254003,
            "med": 248.995617
        },
        "http_req_tls_handshaking": {
            "max": 522.056636,
            "p(90)": 468.3590146,
            "p(95)": 473.8790878,
            "avg": 127.76049654545453,
            "min": 0,
            "med": 0
        },
        "checks": {
            "passes": 110,
            "fails": 0,
            "value": 1
        }
    }
}