{
    "root_group": {
        "name": "",
        "path": "",
        "id": "d41d8cd98f00b204e9800998ecf8427e",
        "groups": {},
        "checks": {
                "token extracted": {
                    "name": "token extracted",
                    "path": "::token extracted",
                    "id": "50e465e4162d46639c071e099df57d3c",
                    "passes": 166,
                    "fails": 0
                },
                "API status is 200": {
                    "name": "API status is 200",
                    "path": "::API status is 200",
                    "id": "0bed2bfa158993c6b893e42c42e9e174",
                    "passes": 166,
                    "fails": 0
                }
            }
    },
    "metrics": {
        "checks": {
            "fails": 0,
            "passes": 332,
            "value": 1
        },
        "http_req_duration": {
            "avg": 669.0267870742966,
            "min": 234.318875,
            "med": 522.542038,
            "max": 3849.179571,
            "p(90)": 1668.046294900001,
            "p(95)": 2061.6155146499996,
            "thresholds": {
                "p(95)<1700": true
            }
        },
        "http_req_duration{expected_response:true}": {
            "avg": 669.0267870742966,
            "min": 234.318875,
            "med": 522.542038,
            "max": 3849.179571,
            "p(90)": 1668.046294900001,
            "p(95)": 2061.6155146499996
        },
        "http_req_tls_handshaking": {
            "p(90)": 341.4202375000028,
            "p(95)": 529.96552995,
            "avg": 78.60840506224899,
            "min": 0,
            "med": 0,
            "max": 549.305553
        },
        "http_req_blocked": {
            "p(90)": 931.566188,
            "p(95)": 976.5635240499993,
            "avg": 194.11052755020089,
            "min": 0.000281,
            "med": 0.002935,
            "max": 1495.188459
        },
        "iteration_duration": {
            "avg": 2594.900570602411,
            "min": 1281.204027,
            "med": 1670.2196935000002,
            "max": 6370.501595,
            "p(90)": 4828.0695940000005,
            "p(95)": 4876.020934
        },
        "http_req_failed": {
            "passes": 0,
            "fails": 498,
            "value": 0
        },
        "data_received": {
            "rate": 13866449.504663635,
            "count": 131278674
        },
        "vus": {
            "value": 16,
            "min": 16,
            "max": 50
        },
        "http_req_receiving": {
            "min": 0.027161,
            "med": 201.1759325,
            "max": 1351.287931,
            "p(90)": 1180.3257569,
            "p(95)": 1288.70594375,
            "avg": 266.67995397991996
        },
        "data_sent": {
            "count": 300394,
            "rate": 31729.435601276167
        },
        "iterations": {
            "rate": 17.533926475934418,
            "count": 166
        },
        "http_req_sending": {
            "max": 5.551879,
            "p(90)": 0.0840463,
            "p(95)": 0.096458,
            "avg": 0.04511593574297183,
            "min": 0.006051,
            "med": 0.016311
        },
        "vus_max": {
            "value": 50,
            "min": 50,
            "max": 50
        },
        "http_reqs": {
            "count": 498,
            "rate": 52.60177942780326
        },
        "http_req_connecting": {
            "p(90)": 256.393664,
            "p(95)": 259.5679335,
            "avg": 50.95126514457829,
            "min": 0,
            "med": 0,
            "max": 264.760128
        },
        "http_req_waiting": {
            "max": 2624.715696,
            "p(90)": 726.6246490000001,
            "p(95)": 854.4947774999998,
            "avg": 402.3017171586347,
            "min": 234.271634,
            "med": 278.854086
        }
    }
}