{
    "metrics": {
        "http_req_connecting": {
            "p(90)": 247.3731295,
            "p(95)": 249.296753,
            "avg": 80.29165328333335,
            "min": 0,
            "med": 0,
            "max": 257.336081
        },
        "data_sent": {
            "count": 268559,
            "rate": 24307.83319614742
        },
        "http_req_tls_handshaking": {
            "min": 0,
            "med": 0,
            "max": 543.721289,
            "p(90)": 516.3206884,
            "p(95)": 527.29963645,
            "avg": 126.41039249666663
        },
        "data_received": {
            "count": 59388509,
            "rate": 5375377.367877821
        },
        "iteration_duration": {
            "p(90)": 7382.0256532,
            "p(95)": 7386.6272663,
            "avg": 4583.15182765,
            "min": 1096.696914,
            "med": 5489.342084,
            "max": 7404.881126
        },
        "checks": {
            "passes": 200,
            "fails": 0,
            "value": 1
        },
        "http_reqs": {
            "count": 300,
            "rate": 27.153623445292194
        },
        "http_req_failed": {
            "passes": 0,
            "fails": 300,
            "value": 0
        },
        "vus": {
            "value": 1,
            "min": 1,
            "max": 50
        },
        "vus_max": {
            "value": 50,
            "min": 50,
            "max": 50
        },
        "http_req_duration{expected_response:true}": {
            "avg": 738.7635177433335,
            "min": 220.733061,
            "med": 263.46400400000005,
            "max": 3941.170961,
            "p(90)": 2068.4989577,
            "p(95)": 2250.0275304
        },
        "http_req_blocked": {
            "p(95)": 4132.957196750001,
            "avg": 787.4977071099999,
            "min": 0.00029,
            "med": 0.0030305,
            "max": 5239.755988,
            "p(90)": 3849.5722800000003
        },
        "http_req_waiting": {
            "p(95)": 1243.6239189500006,
            "avg": 519.9913916133337,
            "min": 220.591183,
            "med": 262.8645825,
            "max": 2712.446856,
            "p(90)": 1059.9518098000005
        },
        "iterations": {
            "count": 100,
            "rate": 9.051207815097397
        },
        "http_req_receiving": {
            "med": 0.0908765,
            "max": 1356.638093,
            "p(90)": 1100.1595445,
            "p(95)": 1194.0114449,
            "avg": 218.63202697999984,
            "min": 0.028433
        },
        "http_req_duration": {
            "p(90)": 2068.4989577,
            "p(95)": 2250.0275304,
            "avg": 738.7635177433335,
            "min": 220.733061,
            "med": 263.46400400000005,
            "max": 3941.170961,
            "thresholds": {
                "p(95)<1700": true
            }
        },
        "http_req_sending": {
            "avg": 0.14009914999999987,
            "min": 0.005851,
            "med": 0.021790999999999998,
            "max": 6.149436,
            "p(90)": 0.10222200000000001,
            "p(95)": 0.15108560000000068
        }
    },
    "root_group": {
        "path": "",
        "id": "d41d8cd98f00b204e9800998ecf8427e",
        "groups": {},
        "checks": {
                "token extracted": {
                    "fails": 0,
                    "name": "token extracted",
                    "path": "::token extracted",
                    "id": "50e465e4162d46639c071e099df57d3c",
                    "passes": 100
                },
                "API status is 200": {
                    "path": "::API status is 200",
                    "id": "0bed2bfa158993c6b893e42c42e9e174",
                    "passes": 100,
                    "fails": 0,
                    "name": "API status is 200"
                }
            },
        "name": ""
    }
}