{
    "metrics": {
        "http_req_receiving": {
            "med": 166.6397965,
            "max": 1218.097089,
            "p(90)": 1002.8605867,
            "p(95)": 1018.3858369999999,
            "avg": 370.99793902666676,
            "min": 0.025538
        },
        "http_reqs": {
            "rate": 13.980757502763447,
            "count": 150
        },
        "iteration_duration": {
            "med": 10700.337658,
            "max": 10728.409407,
            "p(90)": 10722.5408359,
            "p(95)": 10723.546015049998,
            "avg": 10693.794716719998,
            "min": 10533.822347
        },
        "http_req_sending": {
            "p(90)": 0.2006940999999997,
            "p(95)": 2.7565636499999857,
            "avg": 0.36098028666666676,
            "min": 0.006122,
            "med": 0.0559095,
            "max": 7.928453
        },
        "http_req_tls_handshaking": {
            "avg": 213.96750777333335,
            "min": 0,
            "med": 198.74762700000002,
            "max": 455.171947,
            "p(90)": 443.2649,
            "p(95)": 449.24456480000003
        },
        "http_req_waiting": {
            "avg": 406.79076198,
            "min": 186.0829,
            "med": 292.6734775,
            "max": 1113.897997,
            "p(90)": 774.7917478999999,
            "p(95)": 950.9534743999999
        },
        "vus_max": {
            "value": 50,
            "min": 50,
            "max": 50
        },
        "checks": {
            "passes": 100,
            "fails": 0,
            "value": 1
        },
        "http_req_duration{expected_response:true}": {
            "avg": 778.1496812933337,
            "min": 186.279307,
            "med": 459.81121900000005,
            "max": 2024.8667,
            "p(90)": 1767.3080572,
            "p(95)": 1915.6867912499997
        },
        "data_sent": {
            "count": 241391,
            "rate": 22498.860228997142
        },
        "http_req_duration": {
            "avg": 778.1496812933337,
            "min": 186.279307,
            "med": 459.81121900000005,
            "max": 2024.8667,
            "p(90)": 1767.3080572,
            "p(95)": 1915.6867912499997,
            "thresholds": {
                "p(95)<1700": true
            }
        },
        "data_received": {
            "count": 33641821,
            "rate": 3135587.6090158327
        },
        "http_req_blocked": {
            "avg": 2784.8280655600015,
            "min": 0.001692,
            "med": 3867.647688,
            "max": 4521.39169,
            "p(90)": 4498.549494,
            "p(95)": 4508.26166825
        },
        "http_req_connecting": {
            "avg": 135.09259847333323,
            "min": 0,
            "med": 189.4057445,
            "max": 217.505643,
            "p(90)": 211.46597899999998,
            "p(95)": 212.37899385
        },
        "http_req_failed": {
            "fails": 150,
            "passes": 0,
            "value": 0
        },
        "iterations": {
            "count": 50,
            "rate": 4.660252500921149
        },
        "vus": {
            "min": 50,
            "max": 50,
            "value": 50
        }
    },
    "root_group": {
        "name": "",
        "path": "",
        "id": "d41d8cd98f00b204e9800998ecf8427e",
        "groups": {},
        "checks": {
                "token extracted": {
                    "name": "token extracted",
                    "path": "::token extracted",
                    "id": "50e465e4162d46639c071e099df57d3c",
                    "passes": 50,
                    "fails": 0
                },
                "API status is 200": {
                    "name": "API status is 200",
                    "path": "::API status is 200",
                    "id": "0bed2bfa158993c6b893e42c42e9e174",
                    "passes": 50,
                    "fails": 0
                }
            }
    }
}