{
    "root_group": {
        "name": "",
        "path": "",
        "id": "d41d8cd98f00b204e9800998ecf8427e",
        "groups": {},
        "checks": {
                "token extracted": {
                    "name": "token extracted",
                    "path": "::token extracted",
                    "id": "50e465e4162d46639c071e099df57d3c",
                    "passes": 3,
                    "fails": 0
                },
                "API status is 200": {
                    "name": "API status is 200",
                    "path": "::API status is 200",
                    "id": "0bed2bfa158993c6b893e42c42e9e174",
                    "passes": 3,
                    "fails": 0
                }
            }
    },
    "metrics": {
        "http_req_duration{expected_response:true}": {
            "p(95)": 1829.3198705999994,
            "avg": 675.6832731111111,
            "min": 262.938095,
            "med": 379.754226,
            "max": 2366.658783,
            "p(90)": 1291.9809582000003
        },
        "data_sent": {
            "count": 5829,
            "rate": 681.3009017257625
        },
        "http_req_duration": {
            "p(90)": 1291.9809582000003,
            "p(95)": 1829.3198705999994,
            "avg": 675.6832731111111,
            "min": 262.938095,
            "med": 379.754226,
            "max": 2366.658783,
            "thresholds": {
                "p(95)<1700": true
            }
        },
        "http_req_failed": {
            "passes": 0,
            "fails": 9,
            "value": 0
        },
        "http_req_waiting": {
            "max": 598.741451,
            "p(90)": 544.4187014,
            "p(95)": 571.5800762,
            "avg": 396.7635088888889,
            "min": 262.755042,
            "med": 379.645011
        },
        "vus": {
            "value": 1,
            "min": 1,
            "max": 1
        },
        "iteration_duration": {
            "avg": 2851.85072,
            "min": 1392.348471,
            "med": 1670.820125,
            "max": 5492.383564,
            "p(90)": 4728.0708761999995,
            "p(95)": 5110.2272201
        },
        "vus_max": {
            "value": 1,
            "min": 1,
            "max": 1
        },
        "http_reqs": {
            "count": 9,
            "rate": 1.0519313974149704
        },
        "http_req_blocked": {
            "max": 1249.408641,
            "p(90)": 1220.4343457999998,
            "p(95)": 1234.9214934,
            "avg": 273.6249309999999,
            "min": 0.000311,
            "med": 0.004368
        },
        "http_req_connecting": {
            "min": 0,
            "med": 0,
            "max": 371.052331,
            "p(90)": 277.1905646,
            "p(95)": 324.12144779999994,
            "avg": 69.41971711111111
        },
        "http_req_receiving": {
            "avg": 278.84915699999993,
            "min": 0.081603,
            "med": 0.102923,
            "max": 1767.891283,
            "p(90)": 747.5396382000001,
            "p(95)": 1257.7154605999995
        },
        "iterations": {
            "count": 3,
            "rate": 0.3506437991383235
        },
        "checks": {
            "passes": 6,
            "fails": 0,
            "value": 1
        },
        "data_received": {
            "count": 1991353,
            "rate": 232751.8604484993
        },
        "http_req_tls_handshaking": {
            "avg": 101.34079366666667,
            "min": 0,
            "med": 0,
            "max": 519.09844,
            "p(90)": 418.1946504,
            "p(95)": 468.64654519999993
        },
        "http_req_sending": {
            "avg": 0.07060722222222224,
            "min": 0.021761,
            "med": 0.027382,
            "max": 0.289364,
            "p(90)": 0.12660960000000004,
            "p(95)": 0.20798679999999992
        }
    }
}