{
    "metrics": {
        "iteration_duration": {
            "max": 7602.904916,
            "p(90)": 7555.6391044,
            "p(95)": 7562.7158613,
            "avg": 4423.188531909089,
            "min": 1023.317517,
            "med": 4857.220206
        },
        "http_req_duration": {
            "min": 201.488931,
            "med": 243.65693349999998,
            "max": 2699.5742,
            "p(90)": 1671.8644954000001,
            "p(95)": 1734.5462125999995,
            "avg": 595.891364689394,
            "thresholds": {
                "p(95)<1700": true
            }
        },
        "vus_max": {
            "value": 22,
            "min": 22,
            "max": 22
        },
        "http_reqs": {
            "count": 132,
            "rate": 13.583506737190275
        },
        "http_req_tls_handshaking": {
            "p(90)": 470.29589289999996,
            "p(95)": 471.4514772,
            "avg": 114.21833210606061,
            "min": 0,
            "med": 0,
            "max": 472.665771
        },
        "vus": {
            "value": 4,
            "min": 4,
            "max": 22
        },
        "http_req_connecting": {
            "min": 0,
            "med": 0,
            "max": 232.734605,
            "p(90)": 230.6628167,
            "p(95)": 232.02306135,
            "avg": 73.79874442424243
        },
        "http_req_failed": {
            "passes": 0,
            "fails": 132,
            "value": 0
        },
        "http_req_receiving": {
            "max": 1152.082914,
            "p(90)": 1024.1536718,
            "p(95)": 1101.2397563,
            "avg": 216.63073281060613,
            "min": 0.02679,
            "med": 0.086714
        },
        "http_req_duration{expected_response:true}": {
            "p(90)": 1671.8644954000001,
            "p(95)": 1734.5462125999995,
            "avg": 595.891364689394,
            "min": 201.488931,
            "med": 243.65693349999998,
            "max": 2699.5742
        },
        "checks": {
            "passes": 88,
            "fails": 0,
            "value": 1
        },
        "http_req_blocked": {
            "p(90)": 4398.2683489,
            "p(95)": 4555.083876199999,
            "avg": 876.9784672272723,
            "min": 0.00031,
            "med": 0.003056,
            "max": 4764.829769
        },
        "iterations": {
            "count": 44,
            "rate": 4.527835579063425
        },
        "http_req_waiting": {
            "avg": 379.2248551363634,
            "min": 201.335033,
            "med": 243.4862625,
            "max": 1587.632873,
            "p(90)": 618.3154858,
            "p(95)": 713.7007607999999
        },
        "data_received": {
            "count": 32022832,
            "rate": 3295320.865272063
        },
        "http_req_sending": {
            "avg": 0.03577674242424242,
            "min": 0.006012,
            "med": 0.0216355,
            "max": 0.259047,
            "p(90)": 0.09038380000000001,
            "p(95)": 0.10765179999999998
        },
        "data_sent": {
            "count": 118169,
            "rate": 12160.222785053315
        }
    },
    "root_group": {
        "checks": {
            "token extracted": {
                "passes": 44,
                "fails": 0,
                "name": "token extracted",
                "path": "::token extracted",
                "id": "50e465e4162d46639c071e099df57d3c"
            },
            "API status is 200": {
                "id": "0bed2bfa158993c6b893e42c42e9e174",
                "passes": 44,
                "fails": 0,
                "name": "API status is 200",
                "path": "::API status is 200"
            }
        },
        "name": "",
        "path": "",
        "id": "d41d8cd98f00b204e9800998ecf8427e",
        "groups": {}
    }
}