{
    "metrics": {
        "http_req_sending": {
            "med": 0.0178685,
            "max": 5.748842,
            "p(90)": 0.1031673,
            "p(95)": 0.1438619499999996,
            "avg": 0.1136350286738351,
            "min": 0.005541
        },
        "iteration_duration": {
            "p(95)": 4634.4192539999995,
            "avg": 2338.1521088064515,
            "min": 1013.617317,
            "med": 1480.045158,
            "max": 6638.192544,
            "p(90)": 4627.8562845
        },
        "http_req_blocked": {
            "p(90)": 904.3628582,
            "p(95)": 1104.5600736499996,
            "avg": 179.8914014928315,
            "min": 0.00029,
            "med": 0.002976,
            "max": 1402.779532
        },
        "http_req_connecting": {
            "p(95)": 246.36169055,
            "avg": 43.888384732974906,
            "min": 0,
            "med": 0,
            "max": 263.27852,
            "p(90)": 243.579582
        },
        "http_req_failed": {
            "passes": 0,
            "fails": 558,
            "value": 0
        },
        "data_sent": {
            "count": 309580,
            "rate": 31024.36170846459
        },
        "http_req_duration": {
            "p(95)": 1946.0395921,
            "avg": 597.924181784946,
            "min": 238.455917,
            "med": 283.6906405,
            "max": 2424.524532,
            "p(90)": 1781.5754238000002,
            "thresholds": {
                "p(95)<1700": true
            }
        },
        "vus": {
            "min": 15,
            "max": 50,
            "value": 15
        },
        "http_req_tls_handshaking": {
            "min": 0,
            "med": 0,
            "max": 629.208365,
            "p(90)": 260.7202488,
            "p(95)": 596.7631116,
            "avg": 75.71014791218633
        },
        "http_reqs": {
            "count": 558,
            "rate": 55.91961313173732
        },
        "checks": {
            "passes": 372,
            "fails": 0,
            "value": 1
        },
        "data_received": {
            "count": 124397554,
            "rate": 12466421.31579642
        },
        "iterations": {
            "count": 186,
            "rate": 18.63987104391244
        },
        "http_req_waiting": {
            "avg": 409.70465809319006,
            "min": 238.087812,
            "med": 281.5813415,
            "max": 2404.177568,
            "p(90)": 724.5662448,
            "p(95)": 883.6181119999998
        },
        "vus_max": {
            "max": 50,
            "value": 50,
            "min": 50
        },
        "http_req_receiving": {
            "med": 0.168886,
            "max": 1432.96147,
            "p(90)": 1118.9152809000004,
            "p(95)": 1181.7091584,
            "avg": 188.10588866308234,
            "min": 0.023213
        },
        "http_req_duration{expected_response:true}": {
            "med": 283.6906405,
            "max": 2424.524532,
            "p(90)": 1781.5754238000002,
            "p(95)": 1946.0395921,
            "avg": 597.924181784946,
            "min": 238.455917
        }
    },
    "root_group": {
        "checks": {
            "token extracted": {
                "id": "50e465e4162d46639c071e099df57d3c",
                "passes": 186,
                "fails": 0,
                "name": "token extracted",
                "path": "::token extracted"
            },
            "API status is 200": {
                "name": "API status is 200",
                "path": "::API status is 200",
                "id": "0bed2bfa158993c6b893e42c42e9e174",
                "passes": 186,
                "fails": 0
            }
        },
        "name": "",
        "path": "",
        "id": "d41d8cd98f00b204e9800998ecf8427e",
        "groups": {}
    }
}