{
    "root_group": {
        "name": "",
        "path": "",
        "id": "d41d8cd98f00b204e9800998ecf8427e",
        "groups": {},
        "checks": {
                "token extracted": {
                    "name": "token extracted",
                    "path": "::token extracted",
                    "id": "50e465e4162d46639c071e099df57d3c",
                    "passes": 67,
                    "fails": 0
                },
                "API status is 200": {
                    "name": "API status is 200",
                    "path": "::API status is 200",
                    "id": "0bed2bfa158993c6b893e42c42e9e174",
                    "passes": 67,
                    "fails": 0
                }
            }
    },
    "metrics": {
        "http_req_blocked": {
            "p(95)": 5223.406028,
            "avg": 1506.5353633283578,
            "min": 0.00029,
            "med": 0.008166,
            "max": 5245.286065,
            "p(90)": 5214.842758
        },
        "http_req_duration": {
            "avg": 685.234608109453,
            "min": 241.418174,
            "med": 281.528663,
            "max": 2181.348721,
            "p(90)": 1734.825486,
            "p(95)": 1981.31048,
            "thresholds": {
                "p(95)<1700": true
            }
        },
        "http_req_sending": {
            "min": 0.006642,
            "med": 0.031669,
            "max": 2.961553,
            "p(90)": 0.179855,
            "p(95)": 1.030989,
            "avg": 0.16738040298507456
        },
        "http_req_failed": {
            "passes": 0,
            "fails": 201,
            "value": 0
        },
        "checks": {
            "passes": 134,
            "fails": 0,
            "value": 1
        },
        "http_reqs": {
            "count": 201,
            "rate": 20.500773228071818
        },
        "http_req_tls_handshaking": {
            "avg": 195.7735193532338,
            "min": 0,
            "med": 0,
            "max": 557.252578,
            "p(90)": 533.327999,
            "p(95)": 538.25654
        },
        "iteration_duration": {
            "avg": 6578.951638388061,
            "min": 1585.005974,
            "med": 7988.158219,
            "max": 8849.334141,
            "p(90)": 8644.2094074,
            "p(95)": 8662.198372500001
        },
        "http_req_waiting": {
            "p(95)": 762.303293,
            "avg": 392.99276970149236,
            "min": 240.735455,
            "med": 281.30486,
            "max": 922.075492,
            "p(90)": 659.374332
        },
        "vus": {
            "min": 17,
            "max": 50,
            "value": 17
        },
        "http_req_duration{expected_response:true}": {
            "avg": 685.234608109453,
            "min": 241.418174,
            "med": 281.528663,
            "max": 2181.348721,
            "p(90)": 1734.825486,
            "p(95)": 1981.31048
        },
        "data_received": {
            "count": 31235031,
            "rate": 3185782.523894494
        },
        "iterations": {
            "count": 67,
            "rate": 6.833591076023939
        },
        "vus_max": {
            "value": 50,
            "min": 50,
            "max": 50
        },
        "http_req_connecting": {
            "avg": 127.0796696517413,
            "min": 0,
            "med": 0,
            "max": 271.890653,
            "p(90)": 261.137146,
            "p(95)": 262.773222
        },
        "http_req_receiving": {
            "med": 0.102041,
            "max": 1323.777204,
            "p(90)": 1159.816543,
            "p(95)": 1247.941056,
            "avg": 292.0744580049752,
            "min": 0.023264
        },
        "data_sent": {
            "count": 252752,
            "rate": 25779.1613678687
        }
    }
}