{
    "root_group": {
        "checks": {
            "token extracted": {
                "name": "token extracted",
                "path": "::token extracted",
                "id": "50e465e4162d46639c071e099df57d3c",
                "passes": 57,
                "fails": 0
            },
            "API status is 200": {
                "fails": 0,
                "name": "API status is 200",
                "path": "::API status is 200",
                "id": "0bed2bfa158993c6b893e42c42e9e174",
                "passes": 57
            }
        },
        "name": "",
        "path": "",
        "id": "d41d8cd98f00b204e9800998ecf8427e",
        "groups": {}
    },
    "metrics": {
        "http_req_blocked": {
            "avg": 843.9893074093557,
            "min": 0.000291,
            "med": 0.003206,
            "max": 3893.365082,
            "p(90)": 3842.41916,
            "p(95)": 3878.019452
        },
        "vus": {
            "value": 1,
            "min": 1,
            "max": 30
        },
        "http_req_duration": {
            "avg": 734.2891398654974,
            "min": 185.669252,
            "med": 508.668718,
            "max": 3638.255398,
            "p(90)": 1753.291612,
            "p(95)": 1875.705947,
            "thresholds": {
                "p(95)<1700": true
            }
        },
        "iteration_duration": {
            "min": 1182.324522,
            "med": 7218.312299,
            "max": 8699.851375,
            "p(90)": 7457.4862938,
            "p(95)": 7872.2668755999985,
            "avg": 4739.980420070175
        },
        "http_req_receiving": {
            "p(95)": 1087.092481,
            "avg": 296.24645231578944,
            "min": 0.036597,
            "med": 203.842234,
            "max": 2380.360662,
            "p(90)": 1067.636415
        },
        "http_req_connecting": {
            "p(90)": 209.919668,
            "p(95)": 212.27738399999998,
            "avg": 71.82095693567254,
            "min": 0,
            "med": 0,
            "max": 215.680736
        },
        "http_req_tls_handshaking": {
            "p(90)": 566.194221,
            "p(95)": 568.8125465,
            "avg": 133.46238448538014,
            "min": 0,
            "med": 0,
            "max": 592.306527
        },
        "checks": {
            "passes": 114,
            "fails": 0,
            "value": 1
        },
        "data_sent": {
            "count": 159778,
            "rate": 13329.664565728699
        },
        "iterations": {
            "count": 57,
            "rate": 4.755290967758614
        },
        "http_reqs": {
            "rate": 14.265872903275842,
            "count": 171
        },
        "http_req_sending": {
            "med": 0.0216,
            "max": 2.436698,
            "p(90)": 0.108059,
            "p(95)": 0.141547,
            "avg": 0.06514334502923978,
            "min": 0.005641
        },
        "http_req_failed": {
            "fails": 171,
            "passes": 0,
            "value": 0
        },
        "http_req_waiting": {
            "max": 3471.717942,
            "p(90)": 723.98533,
            "p(95)": 861.3109615000001,
            "avg": 437.97754420467857,
            "min": 185.516529,
            "med": 306.510902
        },
        "data_received": {
            "count": 49301329,
            "rate": 4113020.429687646
        },
        "vus_max": {
            "value": 30,
            "min": 30,
            "max": 30
        },
        "http_req_duration{expected_response:true}": {
            "min": 185.669252,
            "med": 508.668718,
            "max": 3638.255398,
            "p(90)": 1753.291612,
            "p(95)": 1875.705947,
            "avg": 734.2891398654974
        }
    }
}