{
    "metrics": {
        "http_req_failed": {
            "passes": 0,
            "fails": 801,
            "value": 0
        },
        "vus": {
            "value": 9,
            "min": 9,
            "max": 50
        },
        "http_reqs": {
            "count": 801,
            "rate": 84.96612429423767
        },
        "http_req_blocked": {
            "avg": 89.2358303008739,
            "min": 0.000291,
            "med": 0.003937,
            "max": 976.245811,
            "p(90)": 671.139227,
            "p(95)": 689.733458
        },
        "http_req_sending": {
            "avg": 0.14807640823970059,
            "min": 0.007073,
            "med": 0.023414,
            "max": 10.820585,
            "p(90)": 0.115516,
            "p(95)": 0.176269
        },
        "http_req_waiting": {
            "p(95)": 677.811222,
            "avg": 326.0590291760298,
            "min": 201.176581,
            "med": 239.428847,
            "max": 1156.026801,
            "p(90)": 540.751343
        },
        "iteration_duration": {
            "min": 888.186341,
            "med": 1112.304322,
            "max": 4392.052761,
            "p(90)": 3563.5962250000002,
            "p(95)": 3693.7644406,
            "avg": 1603.2448996142325
        },
        "http_req_connecting": {
            "min": 0,
            "med": 0,
            "max": 228.815611,
            "p(90)": 203.596756,
            "p(95)": 223.364017,
            "avg": 27.150263913857668
        },
        "vus_max": {
            "value": 50,
            "min": 50,
            "max": 50
        },
        "checks": {
            "passes": 534,
            "fails": 0,
            "value": 1
        },
        "iterations": {
            "count": 267,
            "rate": 28.322041431412558
        },
        "http_req_duration{expected_response:true}": {
            "avg": 443.48817010486863,
            "min": 201.337892,
            "med": 239.592151,
            "max": 2342.539357,
            "p(90)": 919.174071,
            "p(95)": 1542.844135
        },
        "http_req_duration": {
            "p(95)": 1542.844135,
            "avg": 443.48817010486863,
            "min": 201.337892,
            "med": 239.592151,
            "max": 2342.539357,
            "p(90)": 919.174071,
            "thresholds": {
                "p(95)<1700": false
            }
        },
        "data_sent": {
            "count": 345210,
            "rate": 36618.17199452408
        },
        "http_req_tls_handshaking": {
            "avg": 41.82331173907616,
            "min": 0,
            "med": 0,
            "max": 463.114419,
            "p(90)": 212.522862,
            "p(95)": 449.604047
        },
        "data_received": {
            "rate": 18891400.746699758,
            "count": 178094648
        },
        "http_req_receiving": {
            "avg": 117.28106452059907,
            "min": 0.028523,
            "med": 0.123911,
            "max": 1282.26045,
            "p(90)": 235.333348,
            "p(95)": 990.460061
        }
    },
    "root_group": {
        "id": "d41d8cd98f00b204e9800998ecf8427e",
        "groups": {},
        "checks": {
                "token extracted": {
                    "name": "token extracted",
                    "path": "::token extracted",
                    "id": "50e465e4162d46639c071e099df57d3c",
                    "passes": 267,
                    "fails": 0
                },
                "API status is 200": {
                    "name": "API status is 200",
                    "path": "::API status is 200",
                    "id": "0bed2bfa158993c6b893e42c42e9e174",
                    "passes": 267,
                    "fails": 0
                }
            },
        "name": "",
        "path": ""
    }
}