{
    "root_group": {
        "groups": {},
        "checks": {
                "token extracted": {
                    "path": "::token extracted",
                    "id": "50e465e4162d46639c071e099df57d3c",
                    "passes": 13,
                    "fails": 0,
                    "name": "token extracted"
                },
                "API status is 200": {
                    "name": "API status is 200",
                    "path": "::API status is 200",
                    "id": "0bed2bfa158993c6b893e42c42e9e174",
                    "passes": 13,
                    "fails": 0
                }
            },
        "name": "",
        "path": "",
        "id": "d41d8cd98f00b204e9800998ecf8427e"
    },
    "metrics": {
        "http_req_connecting": {
            "min": 0,
            "med": 0,
            "max": 223.828212,
            "p(90)": 205.3171828,
            "p(95)": 206.7025152,
            "avg": 32.13001838461538
        },
        "http_req_failed": {
            "fails": 39,
            "passes": 0,
            "value": 0
        },
        "http_req_duration": {
            "avg": 518.8651040256409,
            "min": 206.959553,
            "med": 416.390622,
            "max": 1889.212351,
            "p(90)": 740.2672308000012,
            "p(95)": 1580.4977015000004,
            "thresholds": {
                "p(95)<1700": false
            }
        },
        "http_req_sending": {
            "med": 0.026009,
            "max": 0.285453,
            "p(90)": 0.07012880000000007,
            "p(95)": 0.13518190000000008,
            "avg": 0.04682746153846154,
            "min": 0.01094
        },
        "http_req_waiting": {
            "avg": 329.8355375384615,
            "min": 206.827447,
            "med": 230.974764,
            "max": 914.079346,
            "p(90)": 511.15294600000004,
            "p(95)": 737.8233095
        },
        "http_req_receiving": {
            "avg": 188.98273902564102,
            "min": 0.046837,
            "med": 163.570011,
            "max": 1152.241962,
            "p(90)": 207.1306894,
            "p(95)": 1048.2847116
        },
        "http_reqs": {
            "count": 39,
            "rate": 4.279536075144845
        },
        "vus_max": {
            "max": 3,
            "value": 3,
            "min": 3
        },
        "checks": {
            "passes": 26,
            "fails": 0,
            "value": 1
        },
        "data_received": {
            "rate": 1130965.8371867537,
            "count": 10306647
        },
        "iterations": {
            "count": 13,
            "rate": 1.426512025048282
        },
        "iteration_duration": {
            "avg": 1993.838884692308,
            "min": 1185.154892,
            "med": 1303.053274,
            "max": 4275.063716,
            "p(90)": 4265.7720652,
            "p(95)": 4271.0342192
        },
        "vus": {
            "value": 1,
            "min": 1,
            "max": 3
        },
        "http_req_tls_handshaking": {
            "avg": 48.58347741025641,
            "min": 0,
            "med": 0,
            "max": 419.387297,
            "p(90)": 213.83280640000004,
            "p(95)": 413.0943517
        },
        "data_sent": {
            "count": 19273,
            "rate": 2114.858942981195
        },
        "http_req_duration{expected_response:true}": {
            "p(90)": 740.2672308000012,
            "p(95)": 1580.4977015000004,
            "avg": 518.8651040256409,
            "min": 206.959553,
            "med": 416.390622,
            "max": 1889.212351
        },
        "http_req_blocked": {
            "min": 0.000301,
            "med": 0.004008,
            "max": 1145.991033,
            "p(90)": 902.4854126000001,
            "p(95)": 936.7849822000001,
            "avg": 144.25866343589746
        }
    }
}