{
    "root_group": {
        "checks": {
            "token extracted": {
                "name": "token extracted",
                "path": "::token extracted",
                "id": "50e465e4162d46639c071e099df57d3c",
                "passes": 172,
                "fails": 0
            },
            "API status is 200": {
                "name": "API status is 200",
                "path": "::API status is 200",
                "id": "0bed2bfa158993c6b893e42c42e9e174",
                "passes": 172,
                "fails": 0
            }
        },
        "name": "",
        "path": "",
        "id": "d41d8cd98f00b204e9800998ecf8427e",
        "groups": {}
    },
    "metrics": {
        "http_req_waiting": {
            "max": 2692.91353,
            "p(90)": 702.277689,
            "p(95)": 826.9732185,
            "avg": 421.62967474418605,
            "min": 223.402678,
            "med": 275.00926200000004
        },
        "http_req_failed": {
            "passes": 0,
            "fails": 516,
            "value": 0
        },
        "data_sent": {
            "rate": 31301.138768458648,
            "count": 303324
        },
        "http_req_blocked": {
            "p(90)": 1353.2177975,
            "p(95)": 1400.4872822500001,
            "avg": 235.17246136240306,
            "min": 0.000211,
            "med": 0.003752,
            "max": 1494.281277
        },
        "http_req_duration": {
            "avg": 604.2061948488365,
            "min": 223.59746,
            "med": 275.466633,
            "max": 4197.21115,
            "p(90)": 1753.96141,
            "p(95)": 2041.3398387500001,
            "thresholds": {
                "p(95)<1700": true
            }
        },
        "vus_max": {
            "value": 50,
            "min": 50,
            "max": 50
        },
        "http_req_duration{expected_response:true}": {
            "p(90)": 1753.96141,
            "p(95)": 2041.3398387500001,
            "avg": 604.2061948488365,
            "min": 223.59746,
            "med": 275.466633,
            "max": 4197.21115
        },
        "http_req_tls_handshaking": {
            "max": 1243.729884,
            "p(90)": 292.39673949999997,
            "p(95)": 510.154442,
            "avg": 75.43065008139534,
            "min": 0,
            "med": 0
        },
        "http_req_sending": {
            "p(95)": 0.1288935,
            "avg": 0.0726575135658915,
            "min": 0.006492,
            "med": 0.022452,
            "max": 5.378699,
            "p(90)": 0.1039745
        },
        "http_req_receiving": {
            "max": 1596.129146,
            "p(90)": 1013.023349,
            "p(95)": 1251.0478965,
            "avg": 182.50386259108515,
            "min": 0.028102,
            "med": 0.109705
        },
        "data_received": {
            "rate": 14035089.60973519,
            "count": 136007177
        },
        "http_req_connecting": {
            "avg": 48.02238809883722,
            "min": 0,
            "med": 0,
            "max": 286.848731,
            "p(90)": 247.296579,
            "p(95)": 250.42941925
        },
        "iteration_duration": {
            "p(90)": 5020.5780478,
            "p(95)": 5072.227668649999,
            "avg": 2523.816843889535,
            "min": 999.094131,
            "med": 1466.574811,
            "max": 6961.515235
        },
        "iterations": {
            "count": 172,
            "rate": 17.74932372042729
        },
        "vus": {
            "min": 12,
            "max": 50,
            "value": 12
        },
        "http_reqs": {
            "count": 516,
            "rate": 53.24797116128187
        },
        "checks": {
            "passes": 344,
            "fails": 0,
            "value": 1
        }
    }
}