{
    "metrics": {
        "http_reqs": {
            "count": 363,
            "rate": 38.16164641662861
        },
        "http_req_sending": {
            "avg": 0.10540697520661153,
            "min": 0.006663,
            "med": 0.017633,
            "max": 3.857941,
            "p(90)": 0.10406580000000001,
            "p(95)": 0.1600840999999995
        },
        "http_req_receiving": {
            "med": 0.104141,
            "max": 1634.126348,
            "p(90)": 361.6033554000011,
            "p(95)": 1188.3138464999997,
            "avg": 153.77598315151513,
            "min": 0.027251
        },
        "http_req_connecting": {
            "med": 0,
            "max": 262.025474,
            "p(90)": 255.3986384,
            "p(95)": 256.81613730000004,
            "avg": 41.69734808815429,
            "min": 0
        },
        "vus": {
            "value": 4,
            "min": 4,
            "max": 30
        },
        "http_req_failed": {
            "fails": 363,
            "passes": 0,
            "value": 0
        },
        "iterations": {
            "count": 121,
            "rate": 12.720548805542869
        },
        "http_req_tls_handshaking": {
            "avg": 64.9717304628099,
            "min": 0,
            "med": 0,
            "max": 552.195641,
            "p(90)": 262.582517,
            "p(95)": 529.3545649
        },
        "checks": {
            "passes": 242,
            "fails": 0,
            "value": 1
        },
        "data_sent": {
            "count": 190449,
            "rate": 20021.61817741185
        },
        "http_req_duration": {
            "p(90)": 1494.8595238000012,
            "p(95)": 1896.8872218,
            "avg": 536.8439106721763,
            "min": 232.623147,
            "med": 278.665141,
            "max": 2782.382948,
            "thresholds": {
                "p(95)<1700": true
            }
        },
        "http_req_duration{expected_response:true}": {
            "min": 232.623147,
            "med": 278.665141,
            "max": 2782.382948,
            "p(90)": 1494.8595238000012,
            "p(95)": 1896.8872218,
            "avg": 536.8439106721763
        },
        "http_req_blocked": {
            "avg": 170.43865534159787,
            "min": 0.00029,
            "med": 0.003136,
            "max": 1488.05,
            "p(90)": 909.7693996,
            "p(95)": 1130.3450287999997
        },
        "data_received": {
            "count": 84407027,
            "rate": 8873584.351109708
        },
        "vus_max": {
            "value": 30,
            "min": 30,
            "max": 30
        },
        "http_req_waiting": {
            "min": 232.567693,
            "med": 278.583289,
            "max": 2583.024508,
            "p(90)": 608.1990038,
            "p(95)": 765.9999607999997,
            "avg": 382.96252054545465
        },
        "iteration_duration": {
            "avg": 2126.611592909091,
            "min": 1002.756799,
            "med": 1291.109109,
            "max": 4596.948288,
            "p(90)": 4546.717636,
            "p(95)": 4558.143828
        }
    },
    "root_group": {
        "name": "",
        "path": "",
        "id": "d41d8cd98f00b204e9800998ecf8427e",
        "groups": {},
        "checks": {
                "token extracted": {
                    "path": "::token extracted",
                    "id": "50e465e4162d46639c071e099df57d3c",
                    "passes": 121,
                    "fails": 0,
                    "name": "token extracted"
                },
                "API status is 200": {
                    "name": "API status is 200",
                    "path": "::API status is 200",
                    "id": "0bed2bfa158993c6b893e42c42e9e174",
                    "passes": 121,
                    "fails": 0
                }
            }
    }
}