{
    "root_group": {
        "name": "",
        "path": "",
        "id": "d41d8cd98f00b204e9800998ecf8427e",
        "groups": {},
        "checks": {
                "token extracted": {
                    "name": "token extracted",
                    "path": "::token extracted",
                    "id": "50e465e4162d46639c071e099df57d3c",
                    "passes": 5,
                    "fails": 0
                },
                "API status is 200": {
                    "name": "API status is 200",
                    "path": "::API status is 200",
                    "id": "0bed2bfa158993c6b893e42c42e9e174",
                    "passes": 5,
                    "fails": 0
                }
            }
    },
    "metrics": {
        "http_req_duration{expected_response:true}": {
            "med": 268.32356,
            "max": 1740.287141,
            "p(90)": 808.0649355999999,
            "p(95)": 1146.890757699999,
            "avg": 487.82362699999993,
            "min": 257.941999
        },
        "http_req_waiting": {
            "avg": 363.9571494666667,
            "min": 257.767105,
            "med": 268.099673,
            "max": 722.56391,
            "p(90)": 538.9941643999999,
            "p(95)": 606.9044793999998
        },
        "http_reqs": {
            "count": 15,
            "rate": 1.6577443302661434
        },
        "http_req_sending": {
            "med": 0.026229,
            "max": 0.324917,
            "p(90)": 0.08805079999999998,
            "p(95)": 0.16417669999999976,
            "avg": 0.061586333333333326,
            "min": 0.01581
        },
        "checks": {
            "passes": 10,
            "fails": 0,
            "value": 1
        },
        "vus": {
            "value": 1,
            "min": 1,
            "max": 1
        },
        "iterations": {
            "rate": 0.5525814434220478,
            "count": 5
        },
        "data_received": {
            "count": 3318066,
            "rate": 366700.3399299241
        },
        "http_req_duration": {
            "med": 268.32356,
            "max": 1740.287141,
            "p(90)": 808.0649355999999,
            "p(95)": 1146.890757699999,
            "avg": 487.82362699999993,
            "min": 257.941999,
            "thresholds": {
                "p(95)<1700": false
            }
        },
        "http_req_tls_handshaking": {
            "avg": 50.40586093333333,
            "min": 0,
            "med": 0,
            "max": 510.873335,
            "p(90)": 147.1287473999999,
            "p(95)": 324.9122057999997
        },
        "http_req_connecting": {
            "p(90)": 145.5256469999999,
            "p(95)": 244.7884349,
            "avg": 32.838074866666666,
            "min": 0,
            "med": 0,
            "max": 250.028378
        },
        "http_req_receiving": {
            "med": 0.119283,
            "max": 1182.925351,
            "p(90)": 178.0350992,
            "p(95)": 483.25754229999893,
            "avg": 123.80489120000001,
            "min": 0.083236
        },
        "vus_max": {
            "value": 1,
            "min": 1,
            "max": 1
        },
        "iteration_duration": {
            "avg": 1809.6530016000002,
            "min": 1183.472787,
            "med": 1212.386105,
            "max": 3993.042546,
            "p(90)": 2977.5213932,
            "p(95)": 3485.2819695999997
        },
        "http_req_blocked": {
            "p(90)": 428.7751955999998,
            "p(95)": 798.1499818999997,
            "avg": 113.84821186666665,
            "min": 0.000301,
            "med": 0.005119,
            "max": 993.051803
        },
        "http_req_failed": {
            "passes": 0,
            "fails": 15,
            "value": 0
        },
        "data_sent": {
            "count": 6816,
            "rate": 753.2790236729355
        }
    }
}